id,teks,label_otomatis,label_manual,catatan
"0","biar lebih mudah di masyarakat kecil gambarnya di bikin sama tapi angkanya yang beda","negatif","positif",""
"1","mana ada program besar pemerintah pusat yang berhasil , yang berhasil hanya korupsi yang makin rekor diatas 1000 triliun","positif","negatif",""
"2","orang kayak begini yang harus nya masuk ke pemerintahan, bukan artis/seleb yang jago ekting","negatif","netral",""
"3","pasti inflasi","positif","negatif",""
"4","berani lah, di kira ini tahun 1965? sekarang media sudah banyak mengasih info redenominasi, inflasi kita cuma 2 persen 5 tahun terakhir<br>beda sama negara yang hyperinflasi tiba-tiba redenominasi ya gagal lah","negatif","positif",""
"5","1965 beda sama 2025 , sekarang mah orang rata rata pada pinter. titik","negatif","positif",""
"6","ketika panic proyek redominasi di setujui dan akan dilakukan, penimbun uang haram akan membelanjakan uangnya dengan membelajakan ke aset astet atau mengahambur hamburkan uang, ini pasti positif banget kan buat pengusaha,! walaupun di belanjakan ke luar negeri pun harus di tukar dulu ke uang mata asing,","positif","positif",""
"7","bung... ayo optimis.. <br>daripada banyak sekali nol.. nya rupiah ini... lucu. sepuluh tahun depan bisa bisa nol rupiah kita bisa berderet deret..","positif","positif",""
"8","sukses asalkan gambar sama warna nya jangan di rubah, ilangin nol nya saja","negatif","positif",""
"9","1965 tuh bukan redominasi tapi memang nilainya jadi inflasi total, harga barangnya naik hampir 1000x, kekayaan lu hilang total nilainya bahkan secara barter","negatif","negatif",""
"10","setuju harus redenomiasi","netral","positif",""
"11","seriously, yang jadi masalah besar investor shg enggak mau masuk ke indonesia adalah masalah korupsinya, bukan 000 itu. lebih baik beresin dulu semua korupsi itu dan perkuat perekonomian dalam negeri, buat banyak lapangan pekerjaan baru. jangan sibuk mengurusi image 000 dan berat2in anggaran negara","negatif","netral",""
"12","jangan tanggung2, redenominasi langsung potong 4 nol, 1 usd = 1,65 idr, 1 sgd = 1.2 idr, dan 1 idr = 3,5 myr keren enggak tuh?","negatif","negatif",""
"13","dulu yang 1965 itu sanering bukan redenominasi. sanering pemotongan nilai uang dari 1000 jadi 1. yang ini ngurangin 3 angka 0.","negatif","netral",""
"14","sanering dan redenominasi beda atuh ....<br><br>tahun 1965 itu kita sanering bukan redenominasi.. ...<br><br><br>yuk belajar lagi yuk......","netral","positif",""
"15","kalo itu memang lebih baik untuk kemajuan negara tercinta ya ayo tapi memang tidak baik dan banyak menimbulkan masalah mending janganlah pak menteri purbaya,kami masyarakat sedang terlanda masalah ekonomi, mending jangan yang aneh--aneh dulu, mening benerin ekonomi dulu kalo sudah membaik baru oklah di melakukan redenominasinya","negatif","negatif",""
"16","koruptor mungkin juga akan berpikir untuk segera menukar rupiahnya ke mata uang lain atau emas.","negatif","negatif",""
"17","-machzumial-2886 betul banget. pr nya tinggal pemerintah memikirkan bagaimana penyampaian informasi ini ke pedagang-pedagang seperti di pasar tradisional di daerah-daerah sebab rata-rata didominasi dengan pedagang yang sudah lanjut usia (berdasarkan pengalaman pribadi di daerah saya) dan jangan lupa di daerah-daerah terpencil seperti suku pedalaman dan masyarakat di perbatasan.","positif","positif",""
"18","syaratnya katanya bang bennix inflasi harus di bawah 10%, sedangkan indonesia sekarang inflasi di tingkat 2,6 %, mudah-mudahan berhasil agar semua uang2 korupsi yang di simpan di bawah tanah dan di bawah kolom tempat tidur pada keluar semua","positif","positif",""
"19","lah beda sekarang tahun 2025 bro. jangan disamain.","negatif","positif",""
"20","khusus pemerintah enggak usah sibuk menggantikan nominal huruf di uang yang lu harus urus bagaimana nih biar masyarakatnya bisa ngerubah semua ekonominya,percuma lu gonta ganti bagaimana uang kalau bahkan memegang uang 1000 pun dalam sehari sudah bersyukur banget kalau ada,yg di fikirin bagaimana buka lapangan kerja,tanpa melihat usia beda tetangga sebelah yang penting bisa kerja kerja enggak harus sekolah tinggi&quot; itupun sekolah tinggi&quot; nasib&quot; dapat pekerjaan memang beda dari lain ini negara,gmn enggak banyak masyarakat ngerantau buat keseharian saja di negara ini bikin pusing,","negatif","negatif",""
"21","ya dari bennix","negatif","netral",""
"22","bisa diterapkan dengan bertahap kok. tapi, yang saya cemaskan adalah oknum yang manfaatkan orang orang yang &quot;kurang&quot;. pemerintah mau enggak mau harus ngawal sampai tuntas.","negatif","positif",""
"23","contoh orang yang enggak paham ya begini komen nya","negatif","negatif",""
"24","karena ekonomi sedang tidak stabil lebih baik tahan dulu. masih ada resiko besar yang harus dimitigasi dan hindari, kalau untuk 2027 saya belum yakin, sukur-sukur dolar bisa turun ke 5000 dulu baru kita redenom.","negatif","negatif",""
"25","1965 itu kan enggak ada hp sekarang 90% sudah pada ngerti.. ada q&39;ris buat bayar.<br>klo uang lo banyak ya belanjain, kalo masih kebanyakan ya bayar pajaklah cuk","negatif","negatif",""
"26","apaan sih, cuma beda menulis doang. 5000 jadi 5k. selesai","negatif","negatif",""
"27","sebagai orang it, saya sih senang banget redenominasi. sudah merasai pusingnya mengurusi po yang nilainya ratusan miliar yang enggak muat di sistem dalam 1 baris, jadi harus di-split beberapa baris. semoga redenominasi kali ini berhasil dengan lancar.","positif","positif",""
"28","aturan dari mana itu?<br><br>redenominasi hanya mengubah angka nominal, bukan memaksa pemilik uang tunai ilegal atau tidak tercatat untuk menyerahkannya.<br><br>pemilik uang “gelap” bisa tetap menyimpan uang lama di tempat tersembunyi, memecahnya, menukarnya sedikit-sedikit lewat jalur informal, atau bahkan menunggu aturan longgar.<br><br>jadi tanpa aturan tambahan, redenominasi tidak otomatis mengembalikan uang ke perbankan atau membuatnya tercatat.","negatif","negatif",""
"29","sanering beda redominasi bang belajar dulu","netral","netral",""
"30","indomaret : punten... 500 rupiahnya mau didonasikan?","netral","netral",""
"31","kemungkinan uang koin yang nilainya ratusan bakal jadi sen sih","netral","netral",""
"32","tempo jangan jadi acuan","negatif","netral",""
"33","lagi pula sekarang pembayaran2 sudah mulai migrasi ke digital. makin efektif membayar nominal2 angka2 kecil ratusan perak.","positif","positif",""
"34","menurutku boleh saja..asalkan mata uang fisik yang beredar di masyarakat nilai terkecilnya adalah 1 rupiah..<br>bukankah dalam prakteknya di kehidupan sehari hari saat ini kita membeli barang hampir selalu bulat 1000 walau masih ada uang 200 dan 500 rupiah beredar ? tapi dalam kenyataannya sangat jarang di jumpai mis. 1,500 atau 2,500 ? contoh cemilan anak kecil saja hrgnya 1000 atau 2000...jd kalo redenominasi nanti akan jadi 1 atau 2 rupiah untuk hrg sebuah kerupuk 1 bungkus..","negatif","negatif",""
"35","sekarang saat yang tepat, karena kondisi ekonomi biasa saja enggak terlalu parah, sosialisasi mudah karena ada internet/sosmed, kondisi us dalam kondisi yang cenderung melemah dan kondisi korupsi semakin parah.","negatif","negatif",""
"36","tahun 65 redenominasi? enggak salah om? bukannya sanering? awas bisa penyesatan lu","negatif","netral",""
"37","tahun 65 itu sanering, cmiww","netral","netral",""
"38","1965 itu bukan redenominasi tetapi itu sanering","negatif","netral",""
"39","banyak nol indonesia,harus redenominasi biar enak hitung duit","positif","positif",""
"40","orang itu di perbankan: alamak lembur setahun kita","netral","negatif",""
"41","uang haram ketar ketir...","netral","netral",""
"42","mesti di dukung","netral","positif",""
"43","","positif","netral",""
"44","pengusaha besar tidak begitu berefek.karena kebanyakan transaksi digital,tapi untuk orang dibawah,seperti harga gorengan bala bala dari harga seribu,setahun kemudian biasanya harganya naik misal jadi 1100 atau 5000/4.tetapi jika terjadi redominasi,jika dari harga rp1,misal terjadi kenaikan harga,maka akan ditekan ke rp2 soalnya belum ada kabar ada rp 0.1.dari sini,terjadilah inflasi 100%<br>selain itu jika redominasi terjadi akan banyak duit(aset negara)menghilang atau berkurang misal tidak ditukar,robek,dll.maka kekayaan negara juga akan berkurang.hanya pemahaman pribadi","negatif","negatif",""
"45","anak muda ini pasti buzzer para koruptor , redenominasi cara halus pukul koruptor, cuma jangan di gembar gemborkan melainkan lsng saja ,agar koruptor tidak sempat menukar uangnya , tapi yang paling sangar itu kalo pemerintah berani cetak mata uang baru secara tiba-tiba dan diedarkan ketika bulan gajian tiba , sambil umumkan mata uang lama enggak berlaku, efeknya memng bikin ekonomi kacau diawal, tapi sudah resiko daripada korupsi terus merajalela, indonesia negara miskin tidak perlu takut ambil resiko,","negatif","negatif",""
"46","bukan hanya masalah sosialisasi nya bor, tapi sistem nya, indonesia paling buruk, penuh para tikus busuk, redenominasi berhasil jika di dukung sistem dan birokrasi yang baik juga, pertanyaannya memang sistem dan birokrasi indonesia mendukung redenominasi...?","negatif","negatif",""
"47","tinggal ngurangin nol nya 3. ribet lu","negatif","negatif",""
"48","segera beli rumah, tanah, emas, dan valuta asing sebelum redenominasi diberlakukan secara tiba2..","netral","negatif",""
"49","1965 ekonomi belum stabil, soekarno ngamburin banyak banget duit bangun monas, stadion, hotel, jembatan cuman buat asian games iv, terus dilanjut ganefo dilanjut ganyang malaysia bagaimana enggak hancur mata uang? terus waktu itu belum ada medsos bagaimana caranya sosialisasi ke warga efektif coba? kalau sekarang ekonomi sudah jauhhhh lebih stabil dari 1965, ada medsos dan untungnya kemenkeu dipegang orang yang punya kredibilitas tinggi jadi masyarakat juga bisa percaya","positif","positif",""
"50","apa enggak mungkin uang korupsi malah makin kayak","negatif","negatif",""
"51","menurut saya pribadi hal ini bagus ya. karena mata uang kita jadi teroptymisize terkesan lebih ringkas. dan untuk mengeksekusi nya harus butuh pensosialisasian yang baik pula ke masyarakat. supaya masyarakat paham nih uang nilai nya sama cuma menghilangkan 3 nol di lembaran mata uang.","positif","positif",""
"52","nol banyak juga enggak apa-apa sih misalkan korea dan japan oke saja","negatif","negatif",""
"53","dikalangan pasar facebook malah sudah menerapkan redenominasi sejak lama","negatif","positif",""
"54","tagih gibran dong soal 19 juta lap.kerja","netral","netral",""
"55","biar pun di kecil kan angkanya, kalau memang nilai nya enggak berharga ya samimawon","negatif","negatif",""
"56","menurut saya uang di negara +62 ini angkanya gede banget tapi nilainya kecil banget itu pun usahanya sudah gede banget contohnya begini kita kerja keras jadi rkyat kecil gajinya enggak seberapa itu kalo buat makan 1 keluarga belum tentu cukup","negatif","negatif",""
"57","habis rakyat indonesia masih banyak yang sdm rendah<br>contoh <br>1.miliar menjadi 1.jt rupiah saja <br>500.000.000...menjadi 500.ribu rupiah saja <br>100.000..menjadi 100.rupiah saja<br>10000/10.rupiah<br>5000/5.rupiah saja","negatif","negatif",""
"58","momentum mentri keuangan lagi naik&quot;nya. selain itu di gen saja juga sudah biasa pakai 1k, 2k, 100k","negatif","positif",""
"59","menurutku sih berpotensi banyak yang melakukan salah transfer di awal-awal redenominasi tapi dapat diminimalisir dengan bantuan ui pada m-banking dan mesin atm nya saat peralihan berlangsung hingga beberapa tahun sampai benar-benar terbiasa....ketolongnya dibanding 1965 adalah teknologi informasinya yang sudah jauh lebih maju jadi lebih cepat sosialisasi dan penyebaran informasinya.","positif","positif",""
"60","lu kasih informasi ketkutan terus bang enggak postif wkwk","negatif","netral",""
"61","yang takut dengan redenominasi kalo bukan koruptor ya bandar judi online.dan mereka berusaha mengiring opini publik untuk pesimis dengan kebijakan ini.yg jls koruptor dan bandar judi terancam dengan kebijakan ini .mereka lagi bingung dengan uang hasil korupsi dan judi online","negatif","positif",""
"62","100.000 = 100<br>10.000 = 10<br>500 = 50 sen <br>400 =40 sen <br>100 = 10 sen","netral","netral",""
"63","sangat meng edukasi bang","positif","netral",""
"64","gaji 5jt jadi 5rb kayak kang parkir","netral","netral",""
"65","aku sih sangat optimis ini akan berhasil. karena sudah banyak kasus gagal maupun sukses dari banyak negara termasuk kita sendiri, yang bisa dijadikan acuan ataupun pelajaran spya project ini bisa sukses.","positif","positif",""
"66","sudah waktunya tentu tahapan harus di lalui","netral","positif",""
"67","tahun 1965 bukan redenominasi mata uang, tapi sanering. sanering adalah pemotongan nilai uang secara paksa oleh pemerintah untuk menekan inflasi atau mengurangi jumlah uang beredar.<br>nilai uang betul-betul berkurang, jadi daya belinya turun. <br><br>beda dengan wacana yang sekarang, redenominasi = penyederhanaan nilai nominal uang tanpa mengubah nilai riilnya<br><br>tolong sebelum buat konten dicek dulu kebenarannya, supaya publik enggak salah mengartikan juga.","negatif","negatif",""
"68","kalau menurut saya agar masyarakat tidak bingung dalam bertransaksi kedepannya, hilangkan saja 3 angka 0 di setiap lembaran uang; dengan tetap mempertahankan gambar dan logo dari tiap lembaran uang tersebut. karena setiap orang dalam bertransaksi secara langsung mereka cenderung memperhatikan warna pada uang.","positif","positif",""
"69","kalau saya pribadi, kenapa enggak menjadikan emas juga sebagai alat pembayaran. kekuatan nilai intrinsik juga pasti akan menekan terjadinya inflasi","positif","netral",""
"70","ada yang namanya masa transisi, enggak bakal bisa dadakan karena perhitungan/pencatatan di dunia digital butuh waktu development untuk penyesuaian","netral","netral",""
"71","bisakah dengan cara mengedukasi masyarakat uang yang sudah dipegang atau di miliki itu angka nolnya dicoret 3 digit pakai spidol terus di biarkan transaksi seperti itu baru nanti kalo sudah lama terbiasa baru di ganti uang baru secara bwrtahap","negatif","netral",""
"72","apa ini sebuah permulaan sebelum dolar naik gila gilaan agar nilainya tidak terlihat mengerikan, misalnya sekarang dolar 17.000 di redenom jadi 17,- per 1$, entar waktu sudah jalan redenom, dollar naik jadi rp. 23,- kita enggak terlalu panik karena efek psikologis meskipun market berantakan, dan apakah terjadi hyper-ultra inflasi? who knows, saya enggak pernah riset macro economynya","negatif","negatif",""
"73","simple dan efektif buat transaksi koruptor <br>nggak bawa koper lagi cukup amplop","positif","negatif",""
"74","hmm yakin? yakinlah karena redenominasi bisa menjadi titik balik sejarah bagi indonesia untuk membersihkan ekonomi dari uang haram dan mengembalikan kekuatan rupiah di mata dunia. uang&quot; yang beredar diluar sistem pemerintahan akan dipaksa kembali dan ini membuat mafia ketar-ketir karena uangnya berhasil dilacark.. kita harus dukung kebijakan yang sudah diperhitungkan matang&quot; ini..","negatif","positif",""
"75","sependapat kita...<br>saya yakin banget<br>indonesi akan lebih maju.","positif","positif",""
"76","9 naga panik duitnya yang di simpan ke rupiah kan terbongkar jumlah aslinya yang enggak kena pajak.mau tuker ke matbaunag asing sudah enggak laku lagi.8000 triliun dana gelap yang berputar untuk transaksi gelap akan muncul kebaca sistem lagi..dengan digitalisasi dan keterbukaan sekarang ini susah untuk manipulasi..kalo masih tetap manipulasi mkaa blockcahin ankan merevolusi itu semua..ini awal permulaan tumbangnya monopoli etnis china di indo..tambang,perkebunan,air mineral,beras, minyak,penyelundupan, kerah putih,judol dan narkoba sedang di sikat habis oleh prabowo dan kita tau siapa pelaku2nya itu.kalo mau 8 persen tumbuhnya mkaa mua enggak mau 9 naga harus di gulingkan.","negatif","negatif",""
"77","lu coba mikir. selama ini koruptor itu nyimpan uang rupaih di berangkas. angap uang nya 100.000 semua sekang tiba tiba uang itu tidak laku lagi apa yang bakal di melakukan ia pasti uang itu di belanjakan. otomatis ekonomi hidup. atau dia mau tukar ke bank pasti lansung ketahuan bakal di tanya uang dari mana . ? mikir bro.","negatif","positif",""
"78","dulu sanering bos bukan redominasi","negatif","netral",""
"79","koruptor enggak sebodoh itu nyimpan uang kas dalam bentuk rupiah brader.. mikirr","negatif","negatif",""
"80","redenominasi sudah mulai, selanjutnya bikin indonesia jadi 1 waktu saja daripada dibagi jadi 3","netral","netral",""
"81","lebih percaya purbaya daripada raymond dalam hal analisa ekonomi negara, termasuk keputusan keputusan dodalam nya.","positif","netral",""
"82","saya rasa enggak ada gunanya, jika pejabat diatas masih itu2 aja, karena tujuannya kan untuk mengungkap korup kan, tapi jika orang-orang itu saja yang masih duduk disana apa gunanya?","negatif","negatif",""
"83","sekenario yang paling masuk akal terjadi jika redenominasi ini di terapkan, uang&quot; yang mungkin berjumlah triliunan yang dari hasil tidak jelas dengan terpaksa akan turun gunung gila&quot;an.<br>dan jika itu yang akan terjadi, masyarakat indonesia akan menyambut baik.","negatif","negatif",""
"84","tapi seumpama kita beli barang harganya ada koma nya kayak 10.500 bayarnya 10 rupiah sama 500 rupiah apa bagaimana ya kak?","negatif","netral",""
"85","bang memang benar soeharto bertahan selama 32 tahun jadi ri 1 ? itu karena dia mampu menekan harga pangan, makanya di zaman beliau harga pangan lebih terjangkau. <br>bahas sih bang.","positif","positif",""
"86","jangan bicara turki, turki negara termiskin di eropa, sekarang ekonomi hancur kepercayaan rakyat jatuh, fungsinya untuk merampok uang rakyat serentak, karena sudah enggak ada uang buat bayar utang !!!! dan sudah enggak ada uang buat intervensi!!!! ini penipuan!! enak amat bilang $1 = rp 16, mau ketawa saya hahahaha , semua negara redenominasi masalah selesai, jangan bodoh2 ya, purbaya cuma jongos , setelah redenominasi detik itu juga george soros short rupia, negara kacau dan rusuh, karena enggak ada back up emas dari pemerintah, enggak ada urgensinya !! apalagi alasanya cuman gara-gara nol nya banyak, atau pencatatan akutansi, jangan bodohi rakyat yang bodoh, smart people sudah tau kalo pemerintah mau rampok!!mau ketawa purbaya koboi gatot kok di percaya!! anak ingusan itu dan enggak penting, malah biaya cetak lagi trilyunan yang siap dikorupsi , jangan mau terprovokasi , yang jelas anda akan semakin miskin !!","negatif","negatif",""
"87","yoi. dan yang pasti, para koruptor lolot bakal berbelanja ria. dan perputaran ekonomi indonesia bertumbuh:)","negatif","negatif",""
"88","bisa dibayangkan betapa bingungnya emak² penjual sayur<br>tapi memang harus begitu bingung² diawal lama kelamaan terbiasa.","negatif","negatif",""
"89","setujuu sih sama rencana ini, karena efeknya lumayan banget buat kita yang profesinya akunting atau finance","positif","positif",""
"90","ini sudah lama perencanaannya dan sudah banyak menteri sebelum belum bisa masih menunggu teimingnya jika layak di lakukan. karena menteri ini cuma omon omon apakah sudah yakin bulan 8 tahun ini dan 98 saja kedua demo ini enggak bisa di hendel penjarahan dan pemerkosaan penuh kehancuran apa lagi kalau di kurangi 3 nolnya aku rasa di masa ini banyak organisasi melawan pemerintah enggak bisa di tangani apalagi momen ini waspadalah negara ini bisa .......","negatif","negatif",""
"91","dari sisi it, enggak semudah menghilangkan value 000 di dalam database/storage. karena valuenya bukan hanya 0 saja, tapi ada angka rupiah entah sekedar 001 atau 999 rupiah. mau di taruh mana value ini, bayangkan system dengan 10juta subscriber. worst case 10juta subscriber kali 999 rupiah = hampir 10 miliar, ini big money. <br><br>kemungkinan itu enggak mau pusing angka di database akan tersimpan sebagai mana adanya sebelum redenominasi.","negatif","negatif",""
"92","yang ditakutin tahun depan inflasi meledak","negatif","negatif",""
"93","saya setuju banget","positif","positif",""
"94","hi abang raymond... idola ku","netral","netral",""
"95","percuma ajahhhh..... sama saja akal akalan lo orang kebanyakan uang.... bukan inti masalahnya yang diperbaiki!!!!!","negatif","negatif",""
"96","redenominasi tidak bisa mengubah nilai tukar mata uang asing. <br>redenominasi hanya memangkas uang lokal. <br>yang ada pemilik uang lokal akan semakin miskin, karena harga $1 tetap seperti sebelumnya.<br>jika $ 1 = rp 20.000,- <br>maka uang milikmu 1 juta setara = $ 50.<br>jadi setelah redenominasi maka uang 1 juta milikmu menjadi 1000 rupiah mata uang baru dan setara = 5 cent dolar.<br><br>redenominasi pernah dilakukan di zaman orde lama dan hal ini malah membuat krisis ekonomi semakin parah. kebodohan pemangku kebijakan ekonomi!!<br><br>&quot;tidak ada aturan moneter internasional di seluruh bumi manapun bahwa redenominasi dapat mengurangi/menurunkan nilai tukar mata uang asing&quot;<br><br>redenominasi akan memicu krisis yang lebih parah yaitu hiperinflasi!!","negatif","negatif",""
"97","dengan redenominasi harga2 otomatis naik karena nilai &quot;nol koma&quot; dibulatkan ke atas","netral","netral",""
"98","om ray..<br>1. pernah cek kenapa gagal di tahun 65? atau di cek kenapa gagal juga di zimbabwe atau venezuela? <br><br>2. alasan kenapa beberapa neg sukses dalam redonimasi seperti turki? <br>dan benefit dari redonmsi tsb?<br><br>3. tahu faktor&quot; penentu berhasil/tdk nya redonomisi? tidak kah team sekelas mentri purbaya sudah berhitung pada saat memutuskan???<br>4 saat redomnsi sapa coba yang pertama paling teriak&quot; tidak suka? ya koruptor..<br>mungkin bisa lihat pov /argumen bennix channel buat insight yang b&39;beda","negatif","negatif",""
"99","yang menolak itu para koruptor","negatif","negatif",""
"100","<a href= &quot;pemerintah yang enggak blunder&quot; mimbas wni","netral","netral",""
"101","relate pengalaman pribadi, sering klien dari luar kaget waktu bayar. &quot; wow, that&39;s sok many numbers!&quot;","negatif","negatif",""
"102","judul klik bait kah","netral","netral",""
"103","yang enggak setuju redenominasi, para koruptor yang menyimpan uang haram di rumah, (2) para penjahat yang membuat uang palsu...kalau bisa uang di bikin dari emas atau perak...","negatif","negatif",""
"104","enggak setuju lah entar koruptor hukumnya jadi ringan korupsi 8m entar jadi 800jt hukumannya jadi 2 minggu doang wkwkwkw","negatif","negatif",""
"105","yang pasti ada udang dibalik bakwan...apapun itu harus menguntungkan pemerintah dan para penguasa indonesia baru di sahkn...","negatif","negatif",""
"106","saya agak pesimis harga akan naik jika redominasi tetapi standar gaji masih tetap","negatif","negatif",""
"107","clas raymon chin pakai perbandingan tahun 65 baca sejarah lagi bung tapi top juga sih untuk selalu membangun narasi kecemasan dan dianggap orang paling pintar","positif","positif",""
"108","ganti mata uang saja sekalian, untuk sementara mata uangnya ganti baru jadi bukan rupiah misal rupiah baru sampai sudah stabil baru ganti lagi jadi hanya rupiah.","negatif","negatif",""
"109","kalo gue sih lebih optimis. karena masyarakat pun terbiasa lihat daftar harga dengan 0 sedikit, contoh 5k, 10k, dsb. selain itu, adanya qris membuat masyarakat tidak terbiasa memegang uang cash dalam jumlah besar. tinggal disosialisasikan dengan segala cara agar seluruh rakyat indonesia paham soal redenominasi rupiah tersebut.","positif","positif",""
"110","​ ett tapi kalo uang rupiahnya di tukerin ke dollar as?<br>model cuci uang buat enggak kebobgkar masih ada","negatif","negatif",""
"111","saya rasa karena jumlah pengguna internet di indonesia itu sangat besar sosialisasi lebih mudah sih dibanding dulu. tapi harus ada juga sosialisasi ke masyarakat pedalaman juga yang aga tertinggal biar komunikasi pesannya tersampaikan terutama untuk orang tua yang aga gaptek.","negatif","negatif",""
"112","kayaknya gue senang sama program ini, karena yang mencanangkan kan bi , kalau lihat karya bi yaitu qris, seharusnya project ini juga harus sesukses qris.","negatif","positif",""
"113","pertanyaanya adalah apa dolar mau mengikuti hal ini. jadi rp16 dari rp16.000.","netral","netral",""
"114","redenominasi = manipulasi inflasi","netral","negatif",""
"115","katanya usulan bi bukan purbaya","negatif","negatif",""
"116","sok toee","negatif","netral",""
"117","saya yakin kalo enggak ada centnya pasti akan terjadi invlasi bang pedagang akan menggenapkan harga barangnya semisal rp.10.500 tadi akan di genapkan jadi 11.000 karena tidak ada centnya","netral","netral",""
"118","enggak ada resiko kalo nilai nya enggak berubah.<br>pengetahuan masyarakat saat ini beda dengan masyarakat jaman dulu.","negatif","positif",""
"119","gue setuju untuk redonominasi bang","positif","positif",""
"120","belum ada berita dari bi , terimakasih info nya atas redenominasi .","netral","netral",""
"121","inflasi rendah tapi tiap tahun pasti naik<br><br>tidak diimbangi dengan kenaikan pendapatan <br><br>fix ini cuma sekedar penyederhanaan laporan keuangan aja...<br><br>sebenarnya program ini pernah di bilang oleh menkeu sebelumnya dan tujuannya dikatakan &quot;penyederhanaan laporan keuangan&quot;<br><br>udah kesitu arahnya","negatif","negatif",""
"122","siap siap phk massal akan terjadinya dan investasi investor pengusaha kabur ke negerinya stabil nilai keuangan nya","netral","negatif",""
"123","kalau di us kan masih pakai pecahan cent untuk mata uang recehan, kalau di indonesia nanti jadi apa ya.. penasaran menunggu","negatif","negatif",""
"124","dulu bukan redem... kocak","negatif","negatif",""
"125","artinya kita sudah mensosialisasikan sendiri dalam hal penyebutan nominal rupiah di lapangan atau dalam hal transaksi.","netral","netral",""
"126","pemikiran yang sama di tahun 1965 , kalo begini terus kapan mulainya","negatif","negatif",""
"127","yakin ?","positif","negatif",""
"128","zaman soekarno sudah dipraktekkan denominasi apa yang terjadi rakyat banyak yang jatuh miskin lu bwelisembako n air putih mesti mengantri bpulyuh tibu..malan ubi saja jadi bareng mewah zaman soekarno siostem denominasi ...tolak kebijakan purbaya memiskin indonesia dengan sistem denominasi memiskin rakyat membodi rakyat indonseis memanipulasi aset n kerja keras indonesia dengan nilai mun 2 milyar asetmu dihargai 2 juta merusak n memiskin n mnghancurkan ekoni n kesejahteraan rakyat indonesia","negatif","negatif",""
"129","menarik sih kalo memang mau benaran dijalanin, jangankan sebelum diterapin, pejabat yang menolak keras program ini juga sudah bisa dicurigai sebagai koruptor","negatif","negatif",""
"130","kalo rubah ntd ke rupiah jadi berapa ? yang sekarang 1000ntd = 500.000","negatif","negatif",""
"131","perampasan aset hilang kemana nih?","negatif","netral",""
"132","apapun kebijakannya jangan merugikan rakyat","negatif","negatif",""
"133","redenominasi harus disahkan 2027","netral","positif",""
"134","jadi keingatan uang 75000 sekarang kemana ya","negatif","netral",""
"135","waktunya belum tepat karena ekonomi belum stabil dan korupsi merajalela di pemerintahan bisa gatot hyperinflasi kayak venezuela entar","negatif","negatif",""
"136","enggak perlu banyak alasan buat balik ke 𝘗𝘜𝘓𝘈𝘜𝘞𝘐𝘕.","negatif","negatif",""
"137","selama sistem di indonesia enggak di ubah, di rombak, di benahi (sistem dalam segi apapun) , koruptor enggak di berantas, hukum enggak di tegakkan . . .<br>dan orang2nya masih pada kolot . . .<br>semua percuma . . .","negatif","negatif",""
"138","di luar negeri rata-rata sudah digital jadi angka enggak wajar itu sudah bukan masalah.","negatif","negatif",""
"139","aku rasa rakyat indonesia belum siap menghadapi perubahan yang sangat besar terutama rakyat kecil, seperti halnya kita belum siap memiliki kereta cepat karena ekonomi kita belum stabil.","negatif","negatif",""
"140","bagaimana mau percaya rezim prabowo, nangkap sylvester matuhina saja enggak bisa","negatif","negatif",""
"141","setuju banget nol nya di kurangin,","positif","positif",""
"142","naah ini baru easy listening, <br>lebih enak mendengarkan penjelasan bang remond, daripada bennix","positif","netral",""
"143","serbah gampang semua digital , dan serbah gampang di jajah juga , karena semua data digital tidak aman ya","negatif","negatif",""
"144","kalau mau hilangkan korupsi bikin undang2 tegas setiap pejabat korupsi di hukum mati kayak di china tak peduli teman atau saudara itu baru negara bisa maju, klu. potong uang alasan jebak koruptor mana ada koruotor simpan uang di indonesia ada juga di luar negeri yang kena petani nelayan pedagang rakyat","negatif","negatif",""
"145","redenominasi senjata ampuh buat menteri keuangan yang suka pencitraan di media, beratnya naikin nilai tukar rupiah 1000 perak aja, tinggal potong kompas dengan potong 3 nol biar terlihat sukses","positif","negatif",""
"146","solusinya kemasyarakat pemerintah harus ada surat edaran nilai mata uang rupiah yang baru itu agar rakyat indonesia ada panduan melalui surat edaran itu","netral","positif",""
"147","bisep nya tambah gede saja kok","negatif","negatif",""
"148","momogi 0.5","netral","netral",""
"149","setuju, karena potensi inflasi gila2an. timing &quot;when&quot; ini penting, meski strategi sudah disusun sedemikian rupa tapi eksekusi enggak tepat waktunya = kacau. kata &quot;hati2&quot; bukan sekedar kata teori.","negatif","negatif",""
"150","aku setuju karena aku paham enggak sribet itu","positif","positif",""
"151","enggak merubah apapun cos koruptor enggak menyimpan uang cash mereka lebih pilih ke uang dollar,saham,crypto dan uang digital lainya ,dan para koruptor nyimpenya ke barang-barang mewah,mobil,rumah,jam,barang antik dll,yang menyimpan uang cash cuma rakyat menengah ke bawah dari hasil nabung bertahun2,kalau pengin ekonomi indonesia maju hukum mati dan rampas uang koruptor jumlahya sangat banyak sangat bisa buat bantu orang miskin setiap bulan,buat lapangan pekerjaan yang banyak,batasi pembelian online karena di kuasai partai besar/pabrik besar,org menengah ke bawah enggak laku jual online karena kalah di harga dan kelengkapan barang,batasi barang-barang produk luar negri,dan yang pasti hidupkan kembali pasar2 tradisional.saya jamin meski saya enggak sekolah tinggi ide ini akan sangat bisa merubah kemajuan negara ini.","negatif","negatif",""
"152","bang buka cerita kasus dosen cantik fakultas hukum untag semarang meninggal secara mendadak yang lagi viral akhir&quot; ini","netral","netral",""
"153","saya setuju redenominasi, biar uang koruptor yang disimpan di bunker terpaksa ditukar dan ketahuan deh","negatif","positif",""
"154","enggak bakal naik ke seribu selama uang gopek enggak dihapus. gopek berubah jadi 1/2 rupiah atau 50 sen.","netral","netral",""
"155","kalo mau kepercayaan masyarakat naik sih, minimal banget sih goblin dipecat dulu &amp; diganti orang yang lebih kompeten","negatif","negatif",""
"156","yang bikin inflasi ya para pedagang di lapangan<br>trus kalo tidak mencetak uang cent,pasti inflasi,karena cenderung membulatkan harga","negatif","negatif",""
"157","harusnya bukan redominasi, cetak uang baru desain sama, angka berbeda nilai sama. pelan-pelan uang lama ditarik.","negatif","negatif",""
"158","redenominasi penyederhanaan biar enggak ribet kayak komentar luw, ribet banget. luw mau nol nya banyak??? ribet kayak omonganmu","negatif","positif",""
"159","gue kirim duit di mentertawakan sama orang bank nya karena lihat 0 nya banyak, kebetulan orang bank nya juga teman gw, dia bilang lu kayak banget katanya","negatif","negatif",""
"160","mau tanya uang koin 500 perak kebawah akan jadi berapa?","netral","netral",""
"161","uang di bawah 1000 rupiah gimana? kalau 1000 rupiah jadi 1 rupiah lantas 100 500 rupiah gimana?","negatif","negatif",""
"162","dulu gagal karena kurangnya sosialisasi,kalau sekarang sosialisasinya sangat mudah karena adanya media sosial.","negatif","positif",""
"163","setuju saja dengan ide pak purbaya. biar mata uang kita terlihat keren di mata dunia.","positif","positif",""
"164","dan tambahan redominasi itu efektif jika penjual cilok ,petani cara jual beli-nya menggunakan pembayaran digital seperti qris","netral","positif",""
"165","yang penting asal lo bisa sesuaiin harga2nya semua barang kbutuhannr rakyat, sesuai dengan nominal yang dikurangi.. di pasaran, misal telor 2000. jadi 2rupiahh..jngan pdagang mengatur sendiri jadi 20,atau 200rupiah. itu merugikn rkyat .menambah beban harga beli..jdi lebih mahal nilaimya, kalo enggak sesuai.mnentukan harganya. itu yang bisa mpengruhi mnimbulkan inflasi yang sangat besarr. karena harga otomatis naikk... beras, dan semua barang-barang komoditi semuanya dll. kontrol semua harga2 barang semua itu di pasaran.. prtanyaannya apa bisa??","negatif","negatif",""
"166","benar semoga berhasil dan negara yang gagal karena melakukan redenominasi itu karena negaranya sedang inflasi 10% &gt; bahkan ada yang 1000%, pertumbuhan ekonominya dikit, dan kepercayaan masyarakat kepada pemerintah itu rendah. sedangkan kita dari di tahun 2025 ini inflasinya sekitar 1-2,8% persen, kepercayaan masyarakat terhadap pemerintah lumayan, dan pertumbuhan ekonominya 5,0 - 5,2%. semoga aman-aman saja.","positif","positif",""
"167","karena jaman dulu kan minum informasi,beda dengan jaman sekarang yang kebanyakan rakyat melek dengan program pemerintah","negatif","positif",""
"168","redominasi sudah dibicarakan lama bang, pernah diwawancara tahun 2016 dari lembaga survei dari bi; dan waktu itu jawaban saya tidak setuju, karena masyarakan belum siap.","negatif","negatif",""
"169","","positif","netral",""
"170","masalahnya banyak orang indonesia yang lemot berhitung semoga sukses ya","negatif","negatif",""
"171","penjelasannya seirama dengan benix yang juga upload 2 jam yang lalu..","netral","netral",""
"172","dulu masyarakat belum paham bro","negatif","negatif",""
"173","kenapa enggak seribu enggak di ganti jadi satu sen. jadi 1 dolar setara 16 sen","negatif","negatif",""
"174","kayak di turki sebelum redominasi ,di mulai di market2 ada dual price, harga sebelum redominasi dan jika di redominasi, contoh biskuit di rak tertulis harga rp.1000 dan di sampingnya di tulis rp.1 fungsinya agar perlahan masyarakat jadi terbiasa.","positif","positif",""
"175","kau hanya sosialisasi,sama bandingkan dengan tahun 65 sangat tidak pas.tahun berapa ini 2025 <a href= sosial sudah sampai ke goa2 terpencil di indonesia.sosialisasi sagat mudah,trus manusia indonesia bukan seperti tahun 65 yang 80 persen tidak bisa baca tulis. yang tidak dukung program ini,dialah mafia2 yang takut karena numpuk rupia di bangker.","negatif","negatif",""
"176","besar ke gagal nya efek ke bisnis","negatif","negatif",""
"177","​<a href=","netral","netral",""
"178","13.700 jadi 14.000 atau nanti 13,7 jadi 14 rupiah,<br>pelakunya pasti kebanyakan indoapril dan alpeaprel, kebiasaan buruk mereka motong tanpa persetujuan","negatif","negatif",""
"179","tahun 1965 itu sanering atau devaluasi, nilai (daya beli) uang dipotong dari 1000 jadi 1 karena hiperinflasi akibat pembangunan proyek2 mercusuar pemerintah (pemerintah cetak uang berlebihan untuk membiayai proyek: gbk, monas, gedung dpr/mpr, jalan sudirman dll). beda dengan redenominasi yang diwacanakan pemerintah saat ini, itu hanya menghilangkan tiga angka nol dari nominal uang lama, tanpa mengubah nilai (daya beli) uang tersebut. jadi konteksnya berbeda, tahun 1965 itu sanering/devaluasi tidak sama dengan redenominasi saat ini.","negatif","negatif",""
"180","saya pikir, jangan kaitkan terlalu negatif dengan yang dulu, saya tegaskan dulu dan sekarang itu sangat berbeda silakan cek sejarahnya,<br>dulu itu atau tahun 65 an mirip mirip redenominasi tapi sifatnya lebih kepada sistem sanering, artinya lebih kepada pemotongan sebuah nilai uang,<br>namun sekarang ini redenominasi yang sifatnya lebih kepada penyederhanaan mata uang, artinya bukan pemotongan nilai uang tersebut, roti yang berharga 1000 rupiah maka ketika redenominasi nilainya masih tetap sama, cuman membuang tiga angka nol yang menjadi harga 1 rupiah","negatif","positif",""
"181","<a href= p͟͟u͟͟l͟͟a͟͟u͟͟w͟͟i͟͟n͟͟? tempat mengadu nasib wkwkw","netral","netral",""
"182","redenominasi langkah berani yang tepat!","positif","positif",""
"183","kuncinya ada di sosialisasi,,<br>kedua masa transisi uang dicetak dengan gambar desain jangan diubah cuma nolnya saja yang di hapus,,biar masyarakat enggak kaget,,itu dilapisan bawah ,,klo kelas menengah keatas sudah pinter2, sih","negatif","positif",""
"184","sebenarnya kita kan sudah biasa dengan itu.. contoh misalnya daftar harga2 menu 10.000 jadi 10k begitu-gitu kan","negatif","positif",""
"185","malahan menurut gue harus di coba karena kalo enggak jadi redenominasi ekonomi indonesia bakal gini2 saja bahkan terus jatuh","negatif","positif",""
"186","gue jamin gagal","negatif","negatif",""
"187","mikir sih cil biar pinter, mikir dulu baru bertanya","negatif","netral",""
"188","apakah ini tanda jatuh ya rp ?","negatif","negatif",""
"189","sebenarnya rencana ini sudah dari 2010an tapi belum juga terealisasi sampai sekarang","negatif","negatif",""
"190","masalahnya juga ditukarnya dimana? kalo bisa di semua bank2 sekitar dan bank sekitar itu setor ke bi itu lebih baik, tapi kalo enggak bisa itu bisa ribet, atau bisa ditukar ke desa atau kecamatan terdekat, tapi harus hati-hati karena bisa sangat rawan korupsi","negatif","negatif",""
"191","yang pegang duit bukan orang muda doang, yang tua tua pasti akan kaget,.kalo enggak ada sosialisasi, itupun harus merata sosialisasinya jangan ada yang ketinggalan.. <br>tapi agaknya susah karena negara kita kan berpulau pulau.. kayak orang papua yang lainnya,, dikasih duit nominal berubah mereka bingung engga... <br>orangtua yang sepuh saja pasti tanya duit ini berapa? ini berapa? ..apalagi yang nyelengin duit di celengan orang tua jaman dulu,","negatif","negatif",""
"192","koh raymond chin gemukan nih ,, menanti <a href= di bulan ramadhan","netral","netral",""
"193","gue sih.... gue beli sgd lah dari sekarang wkwk","negatif","negatif",""
"194","wajar gagal karena nilai inflasi pada tahu 1965 mencapai 600%,pada tahu tersebut terjadi hiperinflasi dimana pemerintah mencetak uang yang sangat banyak untuk membiayai proyek pemerintah dan tidak diimbangi dengan peningkatan produksi barang &amp; jasa, akhirnya terjadi krisis ekonomi di tahu 1965, dan pemerintah melakukan redenominasi dimana rp1000 menjadi rp 1, redenominasi akan bisa berjalan dengan baik jika nilai inflasi dibawah 10%, sekarang di tahu 2025 nilai inflasi indonesia hanya 2,86% per oktober 2025 jauh dibawah 10% artinya ini momen yang tepat untuk meredenominasi mata uang kita","negatif","positif",""
"195","hah kan tinggal ditukerin","negatif","negatif",""
"196","kayak nya rakyat enggak susah beradaptasi soalnya warga sipil indonesia jarang nyebut lengkap kayak contoh 12ribu rupiah, 50ribu rupiah<br>jarang banget, rata-rata nyebut dua angka depan nya aja<br>kadang yang juta pun ada juga sebagian warga yang bilang ribu<br>contoh 3juta (3ribu besar)","negatif","positif",""
"197","enakan begini . uang maling akan hanguss","negatif","positif",""
"198","pertama yang dilakukan dulu itu menurunkan nilai mata uang karena inflasi terlalu tinggi, yang dilakukan sekarang menghilangkan simbol nol agar tidak terlalu banyak. yang kedua walaupun dulu gagal bukan berarti enggak boleh lagi mencoba, mengertikah kalian orang indonesia?","negatif","negatif",""
"199","para maling yang simpan <b>cash</b> hasil maling akan segera ketahuan waktu mereka memasuki uang tua hasil colongan ke bank. jangan <b>pernah</b> percaya tahay karbaw jualan <b>imf world bengkok dan illuminati2 yang lain.</b>","negatif","negatif",""
"200","​ ya semua juga yang namanya fiat money pasti inflasinya naik, yang jadi permasalahan adalah kontrol inflasinya, kita ini inflasi sekitar 2% lebih enggak sampai 50% pertahun, jadi redenominasi ya masih aman.","positif","positif",""
"201","alangkah bagus nya sih sebelum di berlakukan. harga2 konsumsi dll di turunin dulu. tapi aku s7 sih biar para koruptor gelisah","negatif","positif",""
"202","lu enggak bahas yang menyimpan duit bentuk cash banyak yang enggak tahu sumbernya dari mana harus ditukarin ke bank karena bakal enggak laku, effort tim itu sih ketika reset ada oknum netapin nominal nol 3 enggak dikurangin, jadi kelihatan kayak","negatif","negatif",""
"203","gua dengar berita redenominasi ini di bawah tahun 2010, dari dulu sudah berharap tapi sampai sekarang belum juga. ya semoga saja kali benar dan sukses","positif","positif",""
"204","indomie nanti jadi 3,5","netral","netral",""
"205","jaman sekarang anak-anak sudah pinta2","negatif","positif",""
"206","intinya penyuluhan sosialisai kemasyarakat luas agar betul betul paham dulu","positif","positif",""
"207","cukup menonton sampai <a href= detik pertama &quot;1965 gagal total&quot;. entah bagaimana endingnya. yang jelas di awal sudah terjadi penggiringan pada arti yang salah kaprah antara senering/dievaluasi dan redenominasi.","negatif","negatif",""
"208","sebaiknya sosialisasi dulu 2-3 bulan baru mulai langkah selanjutnya, takut saja tergesa-gesa kayak lpg kemarin soalnya kita juga terlalu hobi jadwal mepet.","negatif","negatif",""
"209","jadinya inr dong singkatan nya","negatif","negatif",""
"210","moga saja $1 jadi rp 16,- terus dollar hancur gara gara utang sudah enggak bisa di bayar amrik, akhirnya rp 1,- jadi $ 16.000.000","negatif","negatif",""
"211","kalau orang awam setelah redenominasi juga bisa salah transfer kebanyakan nolnya bisa habis","negatif","negatif",""
"212","tahu 1965 itu devalwasi","negatif","netral",""
"213","memang uang indonesia kebanyakan 0 nya","positif","positif",""
"214","kalo enggak purbaya, apa harus menunggu menkeu emak-emak itu?","negatif","negatif",""
"215","duh ngeriii lah, penegakkan hukum masih amburadul, banyak spekulan, regulator ikut bermain juga. ngeriiii lah","negatif","negatif",""
"216","contoh paling simpel yang gue alami, bayar paket cod harganya 10.150 kurirnya meminta 11.000, uang kecil tapi kalo terus&quot;an lumayan juga buat kaum mendang mending.","positif","positif",""
"217","​ itu salahnya. lihatnya ke restoran. coba lihatnya ke tukang tahu pedas. yang harga 2.500. atau ke tukang fotokopi yang harga nya 200. lihatnya rakyat kecil dong. bisa diterapin di rakyat ngga?","negatif","negatif",""
"218","redenominasi adalah merampok duit masyarakat secara haluh...!karna pemerintah sudah tidak bisa lagi naikin pajak, boleh redenominasi asal uud perampasan aset sahkan dulu dan hukum mati para koruptor dan benahi bumn supaya bersih....! baru boleh printing money senilay aset danantata 14rb triliun buat dorong ekonomi jadi 8%","negatif","negatif",""
"219","semua yang ditulis itu kebijakan pemerintah sebelumnya. lagian sekarang sudah era digitalisasi. terus terang saja saya sudah jarang bawa uang kas dan bayarnya ya pakai cash card/debet/qris. angka aneh macam begituan bukan masalah.","negatif","netral",""
"220","tujuanya besar pak purbaya redenominasi biar uang2 yang ditumpuk koruptor dalam bentuk cash tidak benilai lagi atau paling tidak harus ditukarkan, sehingga uang yang tadinya di simpan atau diam bergerak mau tidak mau di gerakan karena adanya tuntutan masa berlaku 1 tahun sebelum transisi mata uang baru. dan juga uang2 simpanan para oknum2 ini tidak dipakai pada kepentingan tertentu, dan di desak masuk kedalam prekonomian masyarakat dengan cara di belanjakan atau di tukar dengan cara di belanjakan.","negatif","positif",""
"221","yang takut redenominasi itu koruptor &amp; para partai partai korup","negatif","positif",""
"222","optimis tapi ayolahh manusia pintar di atas sana juga maksimalkan, sesuai yang bang raymond bilang","negatif","negatif",""
"223","mari kita menjadi warga masyarakat yang andil dalam negara ini","netral","netral",""
"224","betulkan dulu hukum indonesia dan hukum mati para koruptor dan mafia2 itu sudah cukup dari semua enggak usah ubah mata uang nya","negatif","negatif",""
"225","rasa hampir semua orang kok.. ngmong.. eh lu beli baju brp.. 200 padahal 200rb..atw kemarin lu beli topi berapa 50 pghal 50rb..malah dtmpt saya sudah biasa ngmong 1jt itu sribu","negatif","positif",""
"226","dulu itu sanering, ada yang ngubah wikipedia tuh","negatif","negatif",""
"227","biar tahu peredaran uang palsu, kata ekonom di youtube","negatif","positif",""
"228","tujuan yang utama memang itu, biar koruptor yang nimbun uang panik, kemudian belanja aset, dari situ bisa ketahuan siap saja koruptor yang nimbun rupiah.","negatif","positif",""
"229","perasaan baru semester kemarin gua bahas redenominasi sama dosen gua, eh kejadian, gua setuju sih cuman prepare nya dari sekarang kasih informasi yang jelas tv, sosmed biar yang kolot kolot juga paham","negatif","positif",""
"230","gara-gara mbak ekonomi morat-marit malah mau bikin kebijakan membagongkan lainnya <br>hancur negara","negatif","negatif",""
"231","kalo orang dulu uang 1 juta itu bilang nya 1000 dan 100 rbu bilang nya 100 yang jelas enggak bisa langsung.pelan2 dulu masyarakat di beritahu dlu.klo dalam waktu cepat enggak terbayang deh bingung nya gimana.","negatif","negatif",""
"232","<a href= wah ini yang saya pikirin jga, takutnya bakal ada inflasi karena uang digenapin dari 13,7 ke 14 tapi pas lihat lagi benar juga ya kita ada sistem cashless apalagi qris sudah dimana2, jadi lebih mudah pembayaran yang enggak ada kembaliannya itu. semoga saja qris makin ada dipelosok2 indonesia dan warga makin kompak buat dukung umkm","positif","positif",""
"233","ini syaa allah aku setuju usulan redenominasi ini, bismillah semoga ekonomi indonesia lebih baik ke depannya","positif","positif",""
"234","inikah yang disebut benix prof atau orang pintar pemakan duit koruptor","negatif","negatif",""
"235","maksud terselubung pemerintah redenominasi agar inflasi enggak terasa, seperti misal bensin 10 jadi 11 secara psikologis rasanya sedikit, padahal itu adalah 1000 di pecahan lama, luar biasa indonesia ditangan wowo menuju 2030 bu...","positif","negatif",""
"236","beberapa dari kita saja yang mungkin bisa dbilang generasi melek informasi saja masih salah mengartikan redonimasi.. apalagi mereka yang kesehariaannya disawah, pasar dan tempat-tempat yang belum terjamah informasi.. bisa kalangkabut asli..","negatif","negatif",""
"237","redenominasi itu seperti menipu diri sendiri, yang perlu kita perbaiki adalah nilainya bukan bentuk fisiknya, mending duit korupsi diambilin dulu lah, itu langkah paling benar di negeri angin","negatif","negatif",""
"238","saya sangat setuju dengan ide menghilangkan 3 nol","positif","positif",""
"239","salah satu antek","negatif","negatif",""
"240","cuma otak pasti ngelag sih awal awal nilai duit berubah","negatif","negatif",""
"241","nenek ku pernah cerita redenominasi dulu banyak yang stres, gila bahkan gantung diri karena merasa di rugikan mungkin gara gara enggak mengerti konsep nya, ya ia lah media komunikasi saja dulu sebatas radio plus pendidikan cuma mentok di sr ( sekolah rakyat)","negatif","negatif",""
"242","bener.. emak-emak bpk2 adek-adek pada megan hp buka fb tiktok yt","netral","netral",""
"243","sudah wajib harusnya secepatnya, gue di luar negeri, rupiah seperti uang sampah kebanyakan angka nol","negatif","positif",""
"244","enggak setuju redenominasi, selama pemerintahnya masih korup, mau di redenominasi berapa kali enggak ngaruh!","negatif","negatif",""
"245","negara mana aja?","negatif","netral",""
"246","kayak model &quot;k&quot; 10k 20k 30k yang artinya ribu. jadi ya nanti sama saja cuma sudah hilang ke nya, nominal tetap","negatif","positif",""
"247","tinggal di taro ke doang lho, 1k =&gt;1000 10k =&gt;10000","netral","netral",""
"248","kurang literasi 1965 itu schenering(pemotongan uang) rp 1.000 jadi rp 1. itu membuat rakyat jadi miskin, karena nilai barang jadi mahal.<br>nanti kedepan redenominasi merubah nilai uang rp 1.000 menjadi rp 1. menghilangkan 3 nol dibelakang seperti jualan online seribu ditulis k(kilo).<br>jadi harga rp 30.000 jadi rp 30 k.","negatif","negatif",""
"249","​ menonton tuh orang yang jualan kelas, sudah pernah gua menonton nya tuh jadi gua tau, jadi jangan sok pintar banget lo cuma dari menonton tuh orang","negatif","netral",""
"250","redenominasi itu enggak penting2 amat, enggak ada efeknya ke perekonomian dan malah rugi anggaran.<br><br>lebih baik buat mata uang baru dengan nama yang berbeda dan di distribusikan pelan2 sambil menarik uang rupiah lama. jadi biayanya enggak mahal. karena rate antara uang baru dan rupiah lama akan fix selama proses penarikan.","negatif","negatif",""
"251","tahun 1965 itu sanering... karena sanering untuk inflasi... redenominasi untuk ekonomi stabil<br>sanering untuk ekonomi tidak stabil karena inflasi tinggi","negatif","negatif",""
"252","jika jadi akan banyak tuh tikus tikus ketangkap","negatif","positif",""
"253","optimis saja","positif","positif",""
"254","dulu koruptor korupsi 1 triliun nanti nilai korupsi yang 1 triliun jadi 1 milyar walaupun nilainya sama tapi tukang korup akan merasa kurang maka dia akan lebih parah korupsinya","negatif","negatif",""
"255","semoga, karena redenominasi ini sangat-sangat saya tunggu dari dulu","positif","positif",""
"256","redenominasi sangat setuju,jaman semakin maju,indonesia biar maju","positif","positif",""
"257","harus di dukung bang.agar tidak berjuta juta.saya sebagai rakyat indonesia.masak beli roti saja 5000 .... negara maju uang lima ribu dapat beli motor baru.","positif","positif",""
"258","uang 700 jadi 7 sen saja jadi nanti harga barang masih bisa 13.7.","netral","positif",""
"259","<a href= <br>pemerintah enggak blunder? selama presiden dan bawahannya masih tone deaf, mustahil sih.","negatif","negatif",""
"260","sekarang kita sudah terbiasa mengunakan istilah 10 k, 20k. mungkin babyboomer yang gaptek ya bingung tapi genzy dan alpha pasti cepat paham. ... <br><br>segera biar maling2 panik belanjakan uangnya","negatif","positif",""
"261","menurutku redenominasi kalo mau eksekusi harus serentak. tidak boleh bertahap. kenapa? biar masyarakat tidak bingung. <br><br>tahapnya seperti ini:<br>1. sosialiasi. <br>2. survey pengetahuan tujuannya biar bank sentral tahu bahwa masyarakat telah siap untuk eksekusi. <br>3. siapkan posko dan tempat penukaran uang. ada rentangnya, misalnya selama 3 hari, uang harus ditukar di tempat ini. kayak pemilu lah gitu.<br>4. ada aplikasi buat scan jumlah uang terkumpul dan ditukar","negatif","positif",""
"262","yotuber lagi nakut2in rakyat.....<br>bikin konten yang bermanaat dong.....<br>jangn samakan 1965 dengan 2025.....<br>apa yang dilakukan dan yang akan sedang direncanakan menteri purbaya jauh lebih baik dibanding menteri sebelumnya.....<br>mendingan kita dukung menteri purbaya....","negatif","positif",""
"263","mengira situ akun judol habis namanya berbau judol","negatif","netral",""
"264","langkah strategis mentri keuangan sangat baik tentunya untuk kemajuan indonesia","positif","positif",""
"265","enggak sabar pengin lihat duit baru ..","negatif","positif",""
"266","saya mendukung dulu gagal karena disaat inflasi dan akses informasi tak seperti saat ini<br>saya percaya akan berhasil bila penerapanya diawasi dengan ketat <br>terutama saat transaksi dengan nominal besar <br>tak memungkirikan terjadinya pencucian uang","positif","positif",""
"267","redenominasi sebenarnya menunjukkan kegagalan sistem ekonomi kapitalis, dan efeknya lebih banyak merugikan masyarakat","negatif","negatif",""
"268","kegagalan indonesia di tahun 1865 karena inflasi indonesia lagi tinggi tinggi kalau ingin berhasil redominasi inflasi harus di bawah 10% negara negara yang berhasil redominasi saat inflasinya rendah dan terkontrol dan negara yang gagal redominasi karena inflasinya tinggi contoh negara gagal redominasi zimbabwe, venezuela <br>saat inflasi indonesia rata rata pertahun 2 -3 % dan sangat cocok untuk redominasi biar koruptor yang simpan uang triliunan di brankas kalang kabut","positif","positif",""
"269","itulh hebatnya ketika siswa ada yang enggak tau 4+7 saja sudah aneh<br>tpi di luar di suguhin nilai uang yang sampai ribuan bahkn jutaan...<br>banyk yang sepakat kecuali org&quot; yang punya gudang uang...<br>saya kuli di toko sudah bberpa kali juga masalah jual beli akibat kelewat dan kurang nol doang","negatif","positif",""
"270","koruptor enggak mungkin simpan rupiah dong, kalau simpan rupiah yang ada rugi. mereka simpan dalam dollar atau aset real","negatif","negatif",""
"271","coba kali ini, pasti berhasil.","positif","positif",""
"272","menakutkan, ini kalau kali jadi nih kucar kacir negara.. dengan keadaan inflasi sekarang. gila la.. good luck","negatif","negatif",""
"273","jujur pusing ngitung matematika kebanyakan nol nya sampai kalkulator juga bingung di tulis nya e pernah enggak sih ngitung angka 0 yang enggak pakai tanda koma atau titik? wkwkwk jereng mata","negatif","positif",""
"274","enggak usah takut redominisasi nilai&39;e enggak akan berkurang,,,cuma mengurangi 0&39;e az semua pasti sudah di perhitungkan dengan baik n seksama oleh menkeu pak purbaya...yg penting di sosialisasikan ke masyarakar n,,,d lakukan di kala inflasi lagi turun bukan lagi tinggi seperti yang di lakukan zimbabwe,,,gk harus ada yang di takutin dukung az pemerintahan untuk memajukan ekonomi...","positif","positif",""
"275","ini perumpamaan orang yang enggak mau maju, gaberani resiko. bayangkan lu enggak mau berangkat kerja karena takut di jalan ketabrak mobil. itu kan menghindarai mudarat, tapi enggak bisa ngambil manfaat","negatif","negatif",""
"276","kami di malaysia awal merdeka dahulu selalu guna sen. 50 sen 10sen pertengahan merdeka mula 1.50sen 150sen ditambah titik jadi rm1.50 .","positif","positif",""
"277","setuju di desa sekarang sudah terbiasa tanpa 0","negatif","positif",""
"278","mau nol 0 atau nol 000<br><br>pertanyaannya buat apaaaaaa<br><br>habisin uang negara saja<br>berapa banyak uang kertas yang harus dicetak ulang","negatif","negatif",""
"279","sudah bang ray iyakan saja pak purbaya hebat pasti dia sudah pikirkan matang2 ok yang panik itu koruptor enggak bisa nimbung uang lagi karena harus ganti ini semua uang di sembunyikan ok terus daya belanja masyarakat ningkat karn indak takut lagi belanja sebab dianggap murah begitu bagi kami kaum awam dan kelas bawah agar memudahkan perputaran uang ok","negatif","positif",""
"280","raymon ...!kau itu cuma konten kreator bukan propesor keuangan..otak mu masih kosong","negatif","negatif",""
"281","kalau rp 10.000 jadi rp10 kalo 500 perak jadi berapa?","netral","netral",""
"282","langkah bagus ,untuk maksa tikus berdasi mengeluarkan uangnya atau membiarkan busuk diberangkas","negatif","positif",""
"283","yang kagak setuju itu antek luar","negatif","netral",""
"284","jangankan di rubah <br>gak pakai uang pun jadi biyar tau juga enggak ada yang korupsi di negara ini bos","negatif","negatif",""
"285","2030 fix indonesia hilang","netral","negatif",""
"286","betul terlalu banyak orang yang bikin opini ngalor ngidul padahal di masy sudah terbiasa bilang 100rb jadi 100 tinggal realisasinya saja","negatif","positif",""
"287","kayanya agak optimis sih, terutama di aspek psikologisnya itu. cuman ya benar kang, timing yang paling nentuin.","positif","positif",""
"288","apa hubungannya sama koruptor?","negatif","netral",""
"289","cuma pengalihan isu wuss...gak mungkin bkl terealitakan..!","negatif","negatif",""
"290","takut nya ini bakalan jadi alasan pak prubaya di lengserkan kalau misalnya dia gagal.<br>trs enggak sesimpel begitu buang nol terus nilai nya sama ,masalahnya kepercayaan internasional kita bagaimana bakalan terima enggak uang rupiah kita","negatif","negatif",""
"291","begini saja, selama trader palas merasa untung ketika beli 1 dolar di 16.500 dijual 16.600 maka inflasi akan terus bertumbuh..!<br>begitu banyaknya trader falas indonesia yang sdm nya sangat rendah enggak sadar, menjatuhkan nilai mata uang sendiri,..keras kepala, serakah,begitu dungunya sehingga tidak pernah menyadari nilai mata uang sendiri jatuh!!","negatif","negatif",""
"292","bang, ini kalau enggak salah sudah ada memang wacana pas masih ibu sri. kalau enggak salah aku pernah baca beritanya tahun 2023 tapi aneh sampai akhir tahu enggak jalan bahkan enggak banyak yang tahu","negatif","negatif",""
"293","hari ini 13 november 2025 nilai tukar rupiah terhadap ringgit rp 4.046 = rm 1","netral","netral",""
"294","menurut saya,, sekarang adalah waktu yang tepat.. karena hampir semua masyarakat indonesia sudah terbiasa dengan istilah 10k/10rb , 5k/5rb .. dan memudahkan akuntansi.... apalagi jumlahnya banyak apa enggak pusing itu pak mentri","positif","positif",""
"295","sudah lama redenomisasi dilakukan oleh masyarakat unoffically, sudah biasa menyebut 50 ribu dengan 50k. bahkan di pasar tradisional yang jual-beli hewan ternak, sudah lama penjual dan pembeli menyebut 1.000.000 dengan seribu. pendapat bahwa akan sulit mensosialisasikan redenomisasi rupiah kepada masyarakat atau masyarakat akan mendapatkan beban psikologi karena redenominasi, itu pendapat yang merendahkan intelejensia publik yang selama ini telah melakukan redenominasi &quot;sepihak&quot; di pasar-pasar tradisional. saya yakin jika ini berjalan, uang-uang cash yang disimpan di bawah kasur, karung, ataupun guci karena didapat dari jalur haram, mau-nggak mau harus masuk ke pasar agar tidak kehilangan nilainya. mereka yang menolak redenominasi karena memang punya kepentingan yang merugikan bangsa ini.","negatif","positif",""
"296","semakin sulit menabung 1 miliyar","negatif","negatif",""
"297","aturan yang enggak penting,dan enggak bermanfaat,harus nya pikirin itu utang negara nya.","negatif","negatif",""
"298","pak purbaya harus masukkan ke ruu pelarangan pembulatan di price tag &amp; di saat bertransaksi langsung dll contoh :<br>rp 13,6 = rp 14 <br>rp 15,7 = rp 16 <br>rp 18,8 = rp 19","netral","positif",""
"299","masih banyak lapisan akar rumput yang mengandalkan fiat money rata rata orang di pedesaan petani dan nelayan. kalo kerja di sektor jasa ojol sudah biasa system pengelolaan cashless. jika orang yang sederhana dituntut langsung mengerti dan perubahan angka 0 mata uang sekalian paham cashless by system e-walet, qr code bukannya harus turun langsung buat mengajari dan bimbingan asal tak jadi scam saja oleh oknum. yang memanfaatkn","negatif","negatif",""
"300","apakah negara ini sudah semakin miskin?","negatif","negatif",""
"301","ya setuju bro , cuman di konoha rakyatnya malas membaca , entar bayar 17 malah kayak rupiah dulu 17000k saldo limit wkwk harus matang2 sih merencanakan ini.. kalau gegabah ancurlah","negatif","positif",""
"302","indonesia nuncep bukan karena redenomisasi tapi karena kkn","netral","netral",""
"303","nah ini.","negatif","netral",""
"304","betul-betul bro mau redenominasi atau shanering enggak bakalan nekan laju inflasi,...ingat ini masalah ekonomi yang disebabkan iklim usaha sangat rennah, maka benahi dulu iklim usaha yang sehat, mudah, aman, dan biaya remdah....doboollll","positif","negatif",""
"305","benar si, butuh banget timing","negatif","negatif",""
"306","jika di hilang 3 nol belakang seperti 1 dolar = 16.000 rupiah, maka 1 dolar apa bisa jadi 16 dolar , konoha konoha","netral","netral",""
"307","setuju sih, soalnya ang di kecilin itu kyg sudah lumbrah dari beberapa tahun lalu, cth seperti saya pas kerja di barik dulu 2018, temen² itu sudah rata - rata pada mengomong kyg uang 50.000 di singkat 50, kyg minjem duit ke teman misalnya 2juta, kita itu kebanyakan pinjem duit lu duaribu dulu nanti gajian gua balikin, entah dari mana datangnya saya kepikiran kyg begitu dari dulu seperti lihat mata uang negara tetangga 1ringgit/1dollar/1 dong tailand, sangat terlihat keren sih semoga saja kedepanya project ini terjadi &amp; berhasil yang mana di saat kirim nominal jutaan tidak membuat angka 0 yang panjang","negatif","positif",""
"308","impian saya sejak kecil ahirnya menjadi kenyataan. saran saya. uang kertas yang diredominasi bentuk nya , dari warna sampai gambarnya harus sama ,cuma dikurangi saja nolnya . agar masyarakat yang kurang literasi akan mudah menggunakan dan tidak bingung, dan setahun kemudian barulah update","positif","positif",""
"309","sok tau lu raymond","negatif","negatif",""
"310","optimis koh","positif","positif",""
"311","kayaknya.. mah, enggak bakal gagal dah.<br>di tahun sekarang<br><br>orang yang korupsi dll.<br>udah, pada gila²an.<br><br>asal indonesia.. korupsinya? enggak gila²an.<br>baru dah, gagal.","negatif","positif",""
"312","atau dengan menggunakan huruf &quot;k&quot; di belakang angkanya, 100k 10k 1k","netral","netral",""
"313","wah terimakasih...","negatif","netral",""
"314","koruptor akan bingung uang simpanan bjibun","negatif","positif",""
"315","ingat bahwa koruptor kita ini di atas hukum, bahkan mereka yang bikin hukumnya. sekarang ini mereka masih begitu kuat bisa bikin hukum buat melewatkan mereka sendiri. belum lagi bila sampai tertangkap, nanti bisa di-amnesti presiden. saya rasa sekarang dengan kepercayaan rakyat kepada penguasa lagi paling rendahnya sejak indonesia merdeka, ini bukan saat yang tepat buat re-denominasi.","negatif","negatif",""
"316","bennix lebih jelas","positif","netral",""
"317","ada alasan kenapa urusan redenominasi harus ekstra hati-hati.<br>redenominasi itu seperti tombol reset dalam sistem keuangan, reset, reset reset tau kan apa itu reset???<br>yes, nilai uang apa sih? enggak ada. nilai rasa (mahal/murah), psikologis, abstrak, terlihat, seolah-olah. paling cuma kepercayaan, percaya kalau itu bernilai, percaya karena dijamin undang-undang<br><br>gua enggak setuju redenominasi. gua enggak peduli itu kertas di isi apa, rp 1000 atau rp 1 asal bisa buat beli gorengan.<br><br>tapi apa beda gorengan rp 1000 dengan gorengan rp 1? <br>yes, gorengan rp 1 terlihat murah, dan apa kalau harga barang terlihat murah? yes dimahalin.<br><br>maka siap-siaplah terjadi inflasi besar-besaran, harga-harga akan mulai merangkak naik sampai terasa pas tidak mahal atau murah. harga komoditas barang mulai menyesuaikan, mengatur ulang harganya dari awal.<br>reset<br><br>sampai harga gorengan rp 1 menjadi rp 1000 lagi, seperti harga gorengan rp 1 pada 50 tahunan yang lalu (redenominasi pada tahun 1965)","negatif","negatif",""
"318","jika ekonomi stabil tahun 2030 yang paling cocok karena semua generasi sudah tau digital","positif","negatif",""
"319","inflasi kuncinya.","netral","netral",""
"320","pengalamanku pulang dari hongkong di bandara soetta gara gara uang 2000 mengira uang 20,000 karena kebanyakan nol, di bandara hongkong atm ku ketelen di mesin atm, gara gara mau ambil uang 500 hkd keliru tekan 500,000, atm ku enggak bisa di ambil harus lapor polisi ini dan itu, lebih baik hilangkan 3 nol di belakangnya biar enggak bikin ribet","negatif","positif",""
"321","kalau sekarang pasti lebih cepat siap<br>krn kemudahan medsos akan mbuat kita mengerti tujuan n dampak.. <br>jdi dukunglah redenominasi","positif","positif",""
"322","iblis kayak mereka mana mau muterin dana secara cuma-cuma, yang ada di tuker ke mata uang asing dan dilarikan jauh entah kemana, nilai tukar rupiah makin ambles karena koruptor ramai2 buang rupiah","negatif","negatif",""
"323","yang takut kebaykan yimpan duit di bawah kasur enggak laku","negatif","negatif",""
"324","​, malas banget jelasin nya , coba lu baca ulang komen yang kamu tulis, 2x/3x,, cek kelebihan komen mu dan kekurangan komen mu, kira kira apa?? nah di situ jawaban nya,","negatif","negatif",""
"325","kak ray.. di pekerjaan ku itu hitungan nya borongan. tiap macking 1 kardus harganya 1.100 ada juga yang 1.400 kalau di bulatin ke atas kita makin senang tapi kalau sampai di bulatin kebawah itu sengsara banget. soalnya 1 kardus itu berat beratnya 20 kg kita sehari bisa dapat 100-120 kardus itu sudah alhamdulillah banget tapi kerasa di punggung sakit nya. kalau sampai di bulatin ke bawah jujur enggak ada pekerjaan lain sekarang ini ,karena mencari pekerjaan susah banget. dan pekerjaan ini sangat di andalkan untuk hidup kami. semoga perubahan uang juga melihat sisi kami yang masih melihat sisi 100 perak sebagai ya ng enggak yang berharga jika kami borongan","negatif","negatif",""
"326","​ kalau berdasarkan cost living mah ya kelihatannya parah lah bang, supply dan demand yang membuat semua itu terasa tinggi karena populasi manusia meningkat pesat dan perubahan iklim juga makin memperburuk kondisinya. tapi memang data dari bank dunia juga enggak gede bang inflasi mata uang kita, kalau enggak redenominasi tikus tikus busuk makin merajalela nantinya.","negatif","positif",""
"327","redenominasi itu artinya duit kita enggak ada artinya. sudah kayak kertas toilet. lo kerja nilainya susut karena uangnya enggak jujur jaga keringat kerja kita. wake up everybody ini perbudakan modern. cashless ini apalagi lo bakal terkurung dalam financial guantanamo. lo kecekek total. uang sudah jadi senjata skrg. lo berani lawan sang ndoro besar mata uang lo bakal diserang. mereka bakal perkaya orang yang patuh sistem perbudakan ini dan miskinin orang yang berani melawan ketidakadilan dan imperialisme moneter ini. turki yang dibilang kisah sukses lo main lah ke sana ekonominya nyungsep dan inflasi nya parah sudah 2 digit. pikir kritis dan gunakan hati nurani. kita hidup di dunia yang api jadi sungai, yang sungai kelihatan jadi api. good luck.","negatif","negatif",""
"328","0.8 atau 80 sen. kagak pakai minus.","negatif","netral",""
"329","redenominasi ya gue enggak usah debat ini adalah keputusan yang terbaik dilakukan sekarang gass parubaya inflasi dibawah 10% gunain saja dual price biar rakyat enggak binggung yang menyimpan duit di bawah kasur di brangkas sampai 100an t bisa mampus","negatif","positif",""
"330","yang gen saja gen saja bantu kasih edukasi gen boomer sama milenial saja pokoknya wkwk","negatif","positif",""
"331","optimis","positif","positif",""
"332","jangankan rededominasi..<br>uang lusuh tak layak edar saja masih berjalan ...<br>walaupun uang baru keluar setiap lebaran...<br>kenapa tidak ada yang setor uang lusuh kebank ...<br>pembeli dan pedagang sama-sama tahan emosi jika terima dan di beri uang lusuh <br>buat kembalian dan belanja","negatif","negatif",""
"333","percepat redominasi , biar duit yang di simpan tikus dalam tanah jadi bingung mau di setor kamana","negatif","positif",""
"334","bang lu kalo bikin konten yang feer ya , jangan kayak teman lu sih felix makin kesini makin enggak tau diri ,","negatif","netral",""
"335","65 bukan redenom tapi saneering kan?","negatif","negatif",""
"336","terus gini,ketika pemerintah mencetak uang 1rupiah 10rupiah,kan pemerintah itu harus memusnahkan aset dia seharga itu,agar uang yang beredar tetap kan,kalau gak,ya sama saja pemerintah bikin mata uang baru lagi..jadi peredaran uang semakin banyak,ada 1000rupiah,ada 1 rupiah,ada 100rupiah ada 100rb rupiah","negatif","negatif",""
"337","tonton bennix bang","positif","netral",""
"338","mereka sudah mengerti redenominasi 1k adalah 1000 aku setuju lebih praktis dan lebih mudah dihitung pakai excel akan mendatangkan investor dan peredaran uang lebih baik dengan syarat invasi di bawah 10%","positif","positif",""
"339","sebodo-bodonya manusia jaman ini, mau disamakan generasi tahun 60an kah..","negatif","negatif",""
"340","saya kasih paham jalan pikiran pak purbaya, dampak deh nominalisai kira kira siapa yang bakal panik, <br>jelas para koruptor yang menyimpan uang tunai hasil dari suap dsb..","negatif","positif",""
"341","double. sanering sama redominasi","netral","netral",""
"342","gue lebih percaya statement bennix daripada video ini. dukung penuh redenominasi seperti yang disampaikan bennix!","positif","positif",""
"343","begini saja katanya lu orang pintar, 1965 itu berapa yang tmat sd sampai sama dan sarjana, sakarang lu bandingkan tahun 2025 berapa orang tinggal yang tamat sd banyakan mana sama tamat s1 jadi sdm nya sudah pasti beda...","negatif","netral",""
"344","tahu 1965 sanering (pemotongan nilai uang) kalau rencana pak purbaya redenominasi (nilai uang tidak berubah hanya beda nominal) jadi jauh berbeda yaaa.., <a href= tidak merugikan rakyat &amp; negara malah banyak positifnya.. silakan pelajari dan mari kita dukung redenominasi,,,","positif","positif",""
"345","​ nya bukan salah, tapi kurang penjelasannya","negatif","netral",""
"346","mending fokus berantas koruptor daripada hal bodoh soal nominal duit ini ..","negatif","negatif",""
"347","mantap bang","positif","positif",""
"348","joss banget nih channel, bisa belajar banyak dari sini","positif","netral",""
"349","sosialisasi dulu lah om , jaman sekarang sudah modern .<br><br>mungkin kalau di sosialisasikan sekarang, mungkin bisa bagus .","positif","positif",""
"350","banyak orang misleading tentang ini. redenominasi bukan penyebab ekonomi runtuh, namun redenominasi merupakan pengakuan pemerintah bahwa yes, ekonomi kita sudah jelek &amp; kita redenominasi demi mengembalikan kepercayaan pasar. opini gua sebenarnya ini <a href= gambling game. kalau mau ini berhasil:<br>1. pemerintah harus meyakinkan pasar bahwa 100 ribu = 100, 99.900 ribu = 99.9 bukan dibuletin 100 supaya tidak ada additional inflasi<br>2. pemerintah harus bisa tekan inflasi di bawah 2% konsisten selama 10 tahun selama transisi<br>3. pemerintah harus usaha max. supaya pasar tetap percaya akan idr &amp; enggak akan pakai usd<br><br>kalau berhasil, kita bisa selangkah menuju negara maju 2045. kalau gagal, kita akan seperti venezuela.","negatif","negatif",""
"351","perjanjian dengan federal reserve 1998 itu kunci dari jatuhnya rupiah","netral","netral",""
"352","ray baik-baik ya di sana dan jaga kesehatan selalu..kiranya allah senantiasa melindungi mu dan menjaga setiap langkahmu","positif","netral",""
"353","gampang sih sekarang kluarin saja uang baru dengan model sama dengan yang saat ini beredar..jd ada dua jenis unag 10rb dan 10rupiah..wrna dan bntuknya sama..jd orang bklan terbiasa mke 10rupiah,, dan brtahap deh uang2 lama bklan ditrik pmrnth, sama kan kaya sekarang kalo ada uang model baru..uang2 lama secara alami hilang di pasaran","negatif","positif",""
"354","harusnya ada, pakai sistem koin sen nanti","negatif","positif",""
"355","saya setuju saja dan berharap bisa menaikan tingkat kepercayaan orang luar maupun mengangkat rupiah, karena kalau kita belanja seratus ribu semisalnya buat beli kebutuhan pokok saja kudu nombok, belum biaya bensin dan lain2. jadi apapun langkahnya selama itu berpihak pada rakyat pasti didukung","positif","positif",""
"356","nyetakk duit baru memang anggaran ya boleh metik dari pohon pasti pakai apbn belum lagi nanti ada oknum2 yang jahat. enggak usah lah redominisasi mending fokus perbanyak swasembada saja kita kan negara tropis","negatif","negatif",""
"357","kalian yakin sama sosialisasi di indo? iya medsos sekarang sudah ada, tapi yang di atas sana masih gaptek gak? yang di plosok gimana? masih ingat kata-kata &quot;internet buat apa?&quot;<br><br>gw juga pengin saja 0 nya ilang, tapi sebanding enggak kalo misal amit-amit gagal?","negatif","negatif",""
"358","tapi masih banyak rakyat yang tolol","negatif","negatif",""
"359","<a href= tapi pak bukanya sekarang deh umum orang bilang 10 itu 10k, 20 itu 20k, 50 itu 50k dan seterusnya?<br>jadi sudah ada langkah maju disisi psikologis masyarakat?<br>tinggal bagaimana nih pemerintah bisa lanjutkan sosialisasi ini, tapi rekam jejak sosialisasi pemerintah ke masyarakatnya itu begitu deh","negatif","negatif",""
"360","menurut saya, ganti saja nama mata uangnya jangan rupiah lagi. buat nama baru, uang nusantara atau uang apa kayak biar masyarakat enggak terlalu kaget","negatif","negatif",""
"361","redominasi adalah usulan bi/bank central,bukan dari menku, menku hanya menandatangani draft ruu nya saja,<br><br>pertanyaan kenapa bi/bank central mengusulkan redominasi???? apa ada tekanan pihak asing/pihak lain.<br><br>redominasi yang benar mestinya bi bisa menurunkan nilai tukar rupiah terhadap dolar bisa turun terus menerus setiap tahun....<br><br>berarti puluhan tahun bi/bank central gagal.... betul kata purbaya bi tak berguna....jika independen, semestinya bi/bank central di bawah menku...<br><br>redominasi akan bisa berhasil jika menku yang menjalankan, bukan bank central/bi.....<br><br>percuma redominasi di jalankan jika yang melaksanakan bi/bank central...<br><br>salah besar ada pendapat jika redominasi berlaku koruptor hancur!!!! ingat para koruptor tidak mungkin menyimpan uang triliunan di bunker!!!! dia akan menyimpan uang nya di luar negeri dengan mata uang us.....jadi meskipun redominasi uang mereka tetap aman....<br><br>klau mau ekonomis indonesia membaik bubarkan bank central, atau bi dirubah di bawah pengawasan menku....","negatif","negatif",""
"362","kok bikin sulit diri sendiri ya. kurupsi dihukum mati saja bangsa ini pasti lebih makmur","negatif","negatif",""
"363","harapan gue sama bang, tapi masalah psikologis itu penting tapi bisa jadi juga menghambat redominasi ini yang terjadi kalau terhambat maka orang-orang/oknum-oknum itu bisa merencanakan sesuatu yang lebih untuk mengakali redominasi agar mereka meraup keungutungan atau bahkan rencana jahatnya mereka mempersiapkan untuk meningkatkan inflasi sebesar-besarnya dengan cara apa? hanya mereka yang tau. yang jelas mereka juga sedang menyusun rencana dengan tepat dan membutuhkan waktu juga agar lebih matang. disatu sisi redominasi juga harus benar-benar di rancang sebaik mungkin atau hampir sempurna dan perlu waktu juga semakin lambat maka penawarnya (rencana jahat) juga akan selesai dibuat.<br><br>ini sih menurut kesotoyan gue yang tingkat dewa tanpa data dan gue juga bukan orang pintar tapi gue berharap redominasi disegerakan dengan siap! memperlambatnya akan menumbuhkan jamur yang membusuk pada buahnya.","negatif","positif",""
"364","saya rasa enggak perlu sosialisasi soalnya uang akan ditukar dibank jadi orang yang punya uang gede akan ditukar dibank 100.000 rp jadi 100 rp uang baru , masarakat sudah pada cerdas dan.sos med sekarang sudah tidak asing bagi masarakat","positif","positif",""
"365","mhn maaf . saya awam dalam hal redonominasi . saya pejuang rupiah . sering titip jual dagangan harga dasar rp 17 . 300 . terus . . setelah terjd redonominasi mjd rp 18 . atau mjd rp 17 . . . .ini yang membuat di lema di pasar2 pada umum nya","netral","negatif",""
"366","rakyat papua bertahun2 menderita ... dimata hati nurani kaliannnn.....","negatif","negatif",""
"367","semoga pemerintah melakukan regenerasi terlebih dahulu agar generasi muda bisa mengisi pemerintahan atau yang lain dalam kurun waktu 20-30 tahun kedepan sebelum melakukan redenominasi karena saat ini orang terpandang masih banyak dikuasai oleh orang tua yang justru menjadi bumerang bagi pemerintah sendiri","negatif","negatif",""
"368","tahun 65 itu sanering, bukan redenominasi.","netral","netral",""
"369","tujuannya apa redenominasi ? jika ingin rupiah kuat terhadap dollar amerika, tinggal perbaiki ekonomi, perbanyak ekspor, turunkan gaji para asn dan pejabat lainnya. kendalikan inflasi dan biarkan terjadi deflasi secara alamiah. lagipula enggak ada jaminan setelah redenominasi rupiah, rupiah tetap kuat dalam waktu 20 tahunan.","positif","negatif",""
"370","kalo beli tahu bulat sebiji doang bayarnya berapa ya? 0.5 rupiah? atau pakai sen? kan pecahan terkecilnya rp1.","negatif","negatif",""
"371","1k 10k 20k 50k","netral","netral",""
"372","buat harga saham yang rp 50 entar bagaimana ya<br><br>jadi rp 0,05","netral","netral",""
"373","guys kalian tau enggak sih nilai sebenarnya dari rp.100.000,- yang ada di dompet kalian? itu sudah mengalami 3x pemotongan baik sanering ataupun redenominasi, nilai sesungguhnya kalo enggak di potong nol nya sudah mirip dengan zimbabwe, 100.000*2*10*1.000= 2.000.000.000,- bayangkan saja uang segitu cuma bisa beli marlboro 2 bungkus","negatif","negatif",""
"374","salah data lo tahun 65 itu sanering bukan redenomnasi","netral","netral",""
"375","iya benar juga tuh temanku kalo nyebut 2 juta dia bilangnya 2 rb.","negatif","positif",""
"376","jangan dulu lah, gue lagi rintis youtube nih mau monet, entar kalo dibayar misal dapat 2 juta jadi 2000 saja tapi kalo beli barang masih pakai nominal lama jadi kacau","negatif","negatif",""
"377","secara enggak sadar dimasyarakat sudah meredominasi bilangan mata uang rupiah sudah sejak lama.","negatif","positif",""
"378","kebanyakan projek, kebanyakan undang undang itulah indonesia tapi kebanyakan hasilnya blunder","negatif","negatif",""
"379","dulu gagal karena tidak banyak yang korupsi <br>skrg banyak korupsi <br>pasti semuah rakyat sudah paham kok <br>ini chanel hanya mau profokator ke masrakat","negatif","positif",""
"380","saya sih setuju,dan semoga pak pur mempersiapkan dengan matang,karena akan lebih simple dalam transaksi dan meminimalisir kesalahan input,karena terlalu banyak 0 .","positif","positif",""
"381","​-48iya memang sih. tetapi masalahnya saat ini yang jadi orang terpandang kebanyakan orang tua yang sudah nyaman dengan kebijakan sebelum redominasi. saya khawatir jika tidak dipertimbangkan, malah jadi bumerang","negatif","negatif",""
"382","tahun 1962 sampai 1965 itu sanering berbeda dengan redenominasi.. dan pada waktu itu inflasi luar biasa.. ya jelas gagal..","negatif","negatif",""
"383","angka psikologis yang punya pengaruh kuat itu 0 dan 5, selain itu akan anumerta nanti... banyak nilai intrisik yang hilang.... nasehat gue lu2 s3mua mulai sekarang cicil beli emas fisik, usahakan keep itu jangan jual sampai redenominasi kejadian... lu enggak akan kehilangan nilai intrisik yang &quot;menguap&quot; tadi atau minimal belikan aset yang liquid seperti saham dan stable coin","negatif","negatif",""
"384","​ ya gambar uangnya biar seperti yang lama agar masyarakat kecil enggak bingung","negatif","negatif",""
"385","mending narasi positif aja, enggak banyak bla3... redominasi lebih banyak positif nya segera dilaksanakan....","positif","positif",""
"386","lebih cepat lebih bagus ,","positif","positif",""
"387","tutup saja konten mu","negatif","negatif",""
"388","masalah redenominasi sebenarnya secara nyata sudah dijalankan oleh orang jawa,<br>1 juta disebut 1000<br>2 juta disebut 2000<br>500k disebut 500 aja<br>150k disebut 15 saja","netral","positif",""
"389","kalo benaran indonesia berhasil redomisasi, untuk awal&quot; pastinya perlu penyesuaian dari masyarakat kita sendiri apalagi kayak aku kerja gajinya 3jt perbulan jadi 3k wkwkwk, jadi kaget ajasii. tapi percayain saja lah sama mentri keuangan kita yang baru","negatif","positif",""
"390","ilmu anda itu enggak dah apa-apa nya di bandingkan dengan ilmu pak purbaya,, beliau orang pintar, pak purbaya kalau sudah mengambil tindakan dan keputusan itu pasti sudah melalui pemikiran yang matang,<br>anda dan orang-orang yang membuat video seakan menolak redenominasi itu hanya takut miskin, iya anda hanya takut kelihatan miskin, padahal kalau rupiah di redenominasi orang yang kayak harta uangnya, nol nya akan tetap terlihat lebih di banding harta uang orang miskin, misalnya setelah rupiah di redenominasi yang kayak punya uang 1000 yang miskin hanya punya 1 rupiah, tetap ada perbedaan yang kayak dan yang miskin,,<br>redenominasi membawa banyak manfaat dan keuntungan bagi masyarakat dan negara indonesia yang kita cintai,,<br>janganlah takut, orang yang kayak akan tetap punya harta yang lebih di banding dengan orang miskin<br>terima kasih pak purbaya yudi sadewa telah mengambil keputusan yang baik untuk indonesia <br>maju terus indonesia ku","negatif","positif",""
"391","bahkan ada yang lebih bar bar kayak c1 b1 a1 hiji kang jual beli di fb pasti sudah enggak asing bhkan seru","negatif","positif",""
"392","setuju dengan redenominasi, inflasi sekarang 2.6 persen ya jelas ini waktu yang tepat, maju pak menteri koboyy","positif","positif",""
"393","besar harapan supaya ini berhasil","positif","positif",""
"394","koruptor menyimpan duit di bank dan di balik kasur. nah kalo redenominasi ini terjadi, bagaimana caranya koruptor nuker uangnya yang dibalik kasur itu?","negatif","positif",""
"395","dari tahap bawah dulu,, untuk uji penyesuwaian edar di masyarakat,, teknisnya di kembangkan dari bawah,, jaman di era presiden sukarno dulu pernah di lakukan tapi gagal karena banyak yang tidak paham denggan nilai uwang,, beda jauh denggan sekarang","negatif","positif",""
"396","kalau uang koin pakai ,sen atau perak?","negatif","netral",""
"397","​ tunggu ya bang. . sehat sehat selalu ya bro.","positif","netral",""
"398","jangan percaya chanel ini mending telusuri orang ini siapa tahu orangnya tak jelas niatnya hai bung koruptor akan bingung nyimpan uangnya mau di tukar bank curiga kok punya uang triliunan eh ternyata hasil korupsi tangkap ,1 dolar tak lagi sebutannya ribuan lagi ,pertukaran ekonomi lebih mudah ,tdk ada lagi uang beredar 50 rp.100 rp. di supermarket bayangkan sekarang itu di pakai di mall tapi tak bisa beli gerupuk terus kenapa di cetak dan banyak lagi yang positifnya","negatif","negatif",""
"399","<a href= berarti pesti koruptor sudah denger, langsung pada beli emas dong mereka nanti enggak ketahuan","negatif","negatif",""